movieId,title,genres
2661,It Came from Outer Space (1953),Sci-Fi
2662,War of the Worlds, The (1953),Action|Drama|Sci-Fi
2664,Invasion of the Body Snatchers (1956),Horror|Sci-Fi|Thriller
2665,Earth vs. the Flying Saucers (1956),Sci-Fi
2668,Swamp Thing (1982),Horror|Sci-Fi
2669,Pork Chop Hill (1959),War
2670,Run Silent Run Deep (1958),War
2671,Notting Hill (1999),Comedy|Romance
2672,Thirteenth Floor, The (1999),Drama|Sci-Fi|Thriller
2674,Loss of Sexual Innocence, The (1999),Drama|Fantasy
2676,Instinct (1999),Drama|Thriller
2677,Buena Vista Social Club (1999),Documentary|Musical
2681,Free Enterprise (1998),Comedy|Romance|Sci-Fi
2682,Limbo (1999),Drama
2683,Austin Powers: The Spy Who Shagged Me (1999),Action|Adventure|Comedy
2686,Red Violin, The (Violon rouge, Le) (1998),Drama|Mystery
2687,Tarzan (1999),Adventure|Animation|Children|Drama
2688,General's Daughter, The (1999),Crime|Drama|Mystery|Thriller
2690,Ideal Husband, An (1999),Comedy|Romance
2691,Legend of 1900, The (a.k.a. The Legend of the Pianist on the Ocean) (Leggenda del pianista sull'oceano) (1998),Drama
2692,Run Lola Run (Lola rennt) (1998),Action|Crime
2693,Trekkies (1997),Documentary
2694,Big Daddy (1999),Comedy
2695,Boys, The (1998),Drama
2696,Dinner Game, The (Dîner de cons, Le) (1998),Comedy
2697,My Son the Fanatic (1997),Comedy|Drama|Romance
2698,Zone 39 (1997),Sci-Fi
2699,Arachnophobia (1990),Comedy|Horror
2700,South Park: Bigger, Longer and Uncut (1999),Animation|Comedy|Musical
2701,Wild Wild West (1999),Action|Comedy|Sci-Fi|Western
2702,Summer of Sam (1999),Drama
2706,American Pie (1999),Comedy|Romance
2707,Arlington Road (1999),Thriller
2708,Autumn Tale, An (Conte d'automne) (1998),Romance
2709,Muppets From Space (1999),Children|Comedy
2710,Blair Witch Project, The (1999),Drama|Horror|Thriller
2712,Eyes Wide Shut (1999),Drama|Mystery|Thriller
2713,Lake Placid (1999),Horror|Thriller
2716,Ghostbusters (a.k.a. Ghost Busters) (1984),Action|Comedy|Sci-Fi
2717,Ghostbusters II (1989),Comedy|Fantasy|Sci-Fi
2718,Drop Dead Gorgeous (1999),Comedy
2719,Haunting, The (1999),Horror|Thriller
2720,Inspector Gadget (1999),Action|Adventure|Children|Comedy
2722,Deep Blue Sea (1999),Action|Horror|Sci-Fi|Thriller
2723,Mystery Men (1999),Action|Comedy|Fantasy
2724,Runaway Bride (1999),Comedy|Romance
2725,Twin Falls Idaho (1999),Drama
2726,Killing, The (1956),Crime|Film-Noir
2727,Killer's Kiss (1955),Crime|Film-Noir
2728,Spartacus (1960),Action|Drama|Romance|War
2729,Lolita (1962),Drama|Romance
2730,Barry Lyndon (1975),Drama|Romance|War
2731,400 Blows, The (Les quatre cents coups) (1959),Crime|Drama
2732,Jules and Jim (Jules et Jim) (1961),Drama|Romance
2733,Vibes (1988),Adventure|Comedy|Romance
2734,Mosquito Coast, The (1986),Adventure|Drama|Thriller
2735,Golden Child, The (1986),Action|Adventure|Comedy|Fantasy|Mystery
2736,Brighton Beach Memoirs (1986),Comedy
2737,Assassination (1987),Action|Drama|Thriller
2738,Crimes of the Heart (1986),Comedy|Drama
2739,Color Purple, The (1985),Drama
2740,Kindred, The (1986),Horror|Sci-Fi
2741,No Mercy (1986),Action|Crime|Thriller
2742,Ménage (Tenue de soirée) (1986),Comedy|Drama
2743,Native Son (1986),Drama
2744,Otello (1986),Drama
2745,Mission, The (1986),Drama
2746,Little Shop of Horrors (1986),Comedy|Horror|Musical
2747,Little Shop of Horrors, The (1960),Comedy|Horror
2748,Allan Quatermain and the Lost City of Gold (1987),Action|Adventure|Comedy
2749,Morning After, The (1986),Drama|Mystery
2750,Radio Days (1987),Comedy|Drama
2751,From the Hip (1987),Comedy|Drama
2752,Outrageous Fortune (1987),Comedy|Mystery
2754,Deadtime Stories (1987),Horror
2757,Frances (1982),Drama
2759,Dick (1999),Comedy
2761,Iron Giant, The (1999),Adventure|Animation|Children|Drama|Sci-Fi
2762,Sixth Sense, The (1999),Drama|Horror|Mystery
2763,Thomas Crown Affair, The (1999),Action|Mystery
2764,Thomas Crown Affair, The (1968),Crime|Drama|Romance|Thriller
2765,Acid House, The (1998),Comedy|Drama
2766,Adventures of Sebastian Cole, The (1998),Comedy|Drama
2769,Yards, The (2000),Crime|Drama
2770,Bowfinger (1999),Comedy
2771,Brokedown Palace (1999),Drama
2772,Detroit Rock City (1999),Comedy
2774,Better Than Chocolate (1999),Comedy|Romance
2775,Head On (1998),Drama
2779,Heaven Can Wait (1978),Comedy
2782,Pit and the Pendulum (1961),Horror
2784,Masque of the Red Death, The (1964),Horror
2786,Haunted Honeymoon (1986),Comedy
2787,Cat's Eye (1985),Horror
2788,Monty Python's And Now for Something Completely Different (1971),Comedy
2789,Damien: Omen II (1978),Horror
2790,Final Conflict, The (a.k.a. Omen III: The Final Conflict) (1981),Horror|Thriller
2791,Airplane! (1980),Comedy
2792,Airplane II: The Sequel (1982),Comedy
2793,American Werewolf in Paris, An (1997),Comedy|Horror|Romance|Thriller
2794,European Vacation (aka National Lampoon's European Vacation) (1985),Adventure|Comedy|Romance
2795,National Lampoon's Vacation (1983),Comedy
2796,Funny Farm (1988),Comedy
2797,Big (1988),Comedy|Drama|Fantasy|Romance
2798,Problem Child (1990),Children|Comedy
2799,Problem Child 2 (1991),Comedy
2800,Little Nemo: Adventures in Slumberland (1992),Adventure|Animation|Children|Drama|Fantasy
2801,Oscar and Lucinda (a.k.a. Oscar & Lucinda) (1997),Drama|Romance
2802,Tequila Sunrise (1988),Action|Drama|Romance|Thriller
2803,Pelican Brief, The (1993),Crime|Drama|Mystery|Romance|Thriller
2804,Christmas Story, A (1983),Children|Comedy
2805,Mickey Blue Eyes (1999),Comedy|Romance
2806,Teaching Mrs. Tingle (1999),Comedy|Thriller
2807,Universal Soldier: The Return (1999),Action|Sci-Fi
2808,Universal Soldier (1992),Action|Sci-Fi
2810,Perfect Blue (1997),Animation|Horror|Mystery|Thriller
2812,In Too Deep (1999),Action|Thriller
2813,Source, The (1999),Documentary
2815,Iron Eagle (1986),Action|War
2816,Iron Eagle II (1988),Action|War
2817,Aces: Iron Eagle III (1992),Action
2818,Iron Eagle IV (1995),Action|War
2819,Three Days of the Condor (3 Days of the Condor) (1975),Drama|Mystery|Romance|Thriller
2820,Hamlet (1964),Drama
2822,Medicine Man (1992),Adventure|Romance
2824,On the Ropes (1999),Documentary|Drama
2826,13th Warrior, The (1999),Action|Adventure|Fantasy
2827,Astronaut's Wife, The (1999),Horror|Sci-Fi|Thriller
2828,Dudley Do-Right (1999),Children|Comedy
2829,Muse, The (1999),Comedy
2835,Chill Factor (1999),Action|Adventure|Comedy|Thriller
2836,Outside Providence (1999),Comedy
2837,Bedrooms & Hallways (1998),Comedy|Romance
2839,West Beirut (West Beyrouth) (1998),Drama
2840,Stigmata (1999),Drama|Thriller
2841,Stir of Echoes (1999),Horror|Mystery|Thriller
2843,Black Cat, White Cat (Crna macka, beli macor) (1998),Comedy|Romance
2844,Minus Man, The (1999),Drama|Mystery
2846,Adventures of Milo and Otis, The (Koneko monogatari) (1986),Adventure|Children|Comedy|Drama
2847,Only Angels Have Wings (1939),Adventure|Drama|Romance
2848,Othello (Tragedy of Othello: The Moor of Venice, The) (1952),Drama
2851,Saturn 3 (1980),Adventure|Sci-Fi|Thriller
2852,Soldier's Story, A (1984),Drama
2856,I Saw What You Did (1965),Thriller
2857,Yellow Submarine (1968),Adventure|Animation|Comedy|Fantasy|Musical
2858,American Beauty (1999),Drama|Romance
2859,Stop Making Sense (1984),Documentary|Musical
2860,Blue Streak (1999),Comedy
2861,For Love of the Game (1999),Comedy|Drama
2862,Caligula (1979),Drama
2863,Hard Day's Night, A (1964),Adventure|Comedy|Musical
2865,Sugar Town (1999),Comedy
2866,Buddy Holly Story, The (1978),Drama
2867,Fright Night (1985),Comedy|Horror|Thriller
2868,Fright Night Part II (1988),Horror
2870,Barefoot in the Park (1967),Comedy
2871,Deliverance (1972),Adventure|Drama|Thriller
2872,Excalibur (1981),Adventure|Fantasy
2874,Pajama Game, The (1957),Comedy|Musical|Romance
2875,Sommersby (1993),Drama|Mystery|Romance
2876,Thumbelina (1994),Animation|Children|Fantasy
2877,Tommy (1975),Musical
2878,Hell Night (1981),Horror
2879,Armour of God II: Operation Condor (Operation Condor) (Fei ying gai wak) (1991),Action|Adventure|Comedy
2880,Armour of God (Long xiong hu di) (1987),Action|Adventure|Comedy
2881,Double Jeopardy (1999),Action|Crime|Drama|Thriller
2882,Jakob the Liar (1999),Drama
2883,Mumford (1999),Comedy|Drama
2884,Dog Park (1998),Comedy|Romance
2885,Guinevere (1999),Drama|Romance
2886,Adventures of Elmo in Grouchland, The (1999),Children|Comedy
2887,Simon Sez (1999),Action|Comedy
2888,Drive Me Crazy (1999),Comedy|Romance
2889,Mystery, Alaska (1999),Comedy|Drama
2890,Three Kings (1999),Action|Adventure|Comedy|Drama|War
2891,Happy, Texas (1999),Comedy
2892,New Rose Hotel (1998),Action|Drama
2893,Plunkett & MaCleane (1999),Action|Adventure|Drama
2894,Romance (1999),Drama|Romance
2896,Alvarez Kelly (1966),Western
2897,And the Ship Sails On (E la nave va) (1983),Comedy|War
2898,Dark Half, The (1993),Horror|Mystery
2899,Gulliver's Travels (1939),Adventure|Animation|Children
2900,Monkey Shines (1988),Horror|Sci-Fi
2901,Phantasm (1979),Horror|Sci-Fi
2902,Psycho II (1983),Horror|Mystery|Thriller
2903,Psycho III (1986),Horror|Thriller
2905,Sanjuro (Tsubaki Sanjûrô) (1962),Action|Adventure|Drama
2906,Random Hearts (1999),Drama|Romance
2907,Superstar (1999),Comedy
2908,Boys Don't Cry (1999),Drama
2912,Limey, The (1999),Crime|Drama|Thriller
2915,Risky Business (1983),Comedy
2916,Total Recall (1990),Action|Adventure|Sci-Fi|Thriller
2917,Body Heat (1981),Crime|Thriller
2918,Ferris Bueller's Day Off (1986),Comedy
2919,Year of Living Dangerously, The (1982),Drama|Romance|War
2921,High Plains Drifter (1973),Western
2922,Hang 'Em High (1968),Crime|Drama|Western
2924,Drunken Master (Jui kuen) (1978),Action|Comedy
2925,Conformist, The (Conformista, Il) (1970),Drama
2926,Hairspray (1988),Comedy|Drama
2927,Brief Encounter (1946),Drama|Romance
2928,Razor's Edge, The (1984),Drama
2929,Reds (1981),Drama|Romance
2930,Return with Honor (1998),Documentary
2931,Time of the Gypsies (Dom za vesanje) (1989),Comedy|Crime|Drama|Fantasy
2932,Days of Heaven (1978),Drama
2935,Lady Eve, The (1941),Comedy|Romance
2936,Sullivan's Travels (1941),Adventure|Comedy|Romance
2937,Palm Beach Story, The (1942),Comedy
2939,Niagara (1953),Drama|Thriller
2940,Gilda (1946),Drama|Film-Noir|Mystery|Romance
2941,South Pacific (1958),Musical|Romance|War
2942,Flashdance (1983),Drama|Romance
2943,Indochine (1992),Drama|Romance
2944,Dirty Dozen, The (1967),Action|Drama|War
2946,Help! (1965),Comedy|Musical
2947,Goldfinger (1964),Action|Adventure|Thriller
2948,From Russia with Love (1963),Action|Adventure|Thriller
2949,Dr. No (1962),Action|Adventure|Thriller
2950,Blue Lagoon, The (1980),Adventure|Drama|Romance
2951,Fistful of Dollars, A (Per un pugno di dollari) (1964),Action|Western
2952,Sydney (Hard Eight) (1996),Crime|Drama|Thriller
2953,Home Alone 2: Lost in New York (1992),Children|Comedy
2956,Someone to Watch Over Me (1987),Action|Crime|Thriller
2959,Fight Club (1999),Action|Crime|Drama|Thriller
2961,Story of Us, The (1999),Comedy|Drama
2962,Fever Pitch (1997),Comedy|Romance
2964,Julien Donkey-Boy (1999),Drama
2965,Omega Code, The (1999),Action
2966,Straight Story, The (1999),Adventure|Drama
2967,Bad Seed, The (1956),Drama|Thriller
2968,Time Bandits (1981),Adventure|Comedy|Fantasy|Sci-Fi
2969,Man and a Woman, A (Un homme et une femme) (1966),Drama|Romance
2970,Fitzcarraldo (1982),Adventure|Drama
2971,All That Jazz (1979),Drama|Fantasy|Musical
2972,Red Sorghum (Hong gao liang) (1987),Drama|War
2973,Crimes and Misdemeanors (1989),Comedy|Crime|Drama
2974,Bats (1999),Horror|Thriller
2975,Best Man, The (1999),Comedy|Drama
2976,Bringing Out the Dead (1999),Drama
2977,Crazy in Alabama (1999),Comedy|Drama
2978,Three to Tango (1999),Comedy|Romance
2979,Body Shots (1999),Drama
2982,Guardian, The (1990),Horror|Thriller
2983,Ipcress File, The (1965),Thriller
2984,On Any Sunday (1971),Documentary
2985,RoboCop (1987),Action|Crime|Drama|Sci-Fi|Thriller
2986,RoboCop 2 (1990),Action|Crime|Sci-Fi|Thriller
2987,Who Framed Roger Rabbit? (1988),Adventure|Animation|Children|Comedy|Crime|Fantasy|Mystery
2988,Melvin and Howard (1980),Drama
2989,For Your Eyes Only (1981),Action|Adventure|Thriller
2990,Licence to Kill (1989),Action|Adventure|Thriller
2991,Live and Let Die (1973),Action|Adventure|Thriller
2992,Rawhead Rex (1986),Horror|Thriller
2993,Thunderball (1965),Action|Adventure|Thriller
2995,House on Haunted Hill (1999),Horror|Thriller
2996,Music of the Heart (1999),Drama
2997,Being John Malkovich (1999),Comedy|Drama|Fantasy
3000,Princess Mononoke (Mononoke-hime) (1997),Action|Adventure|Animation|Drama|Fantasy
3002,My Best Fiend (Mein liebster Feind) (1999),Documentary
3003,Train of Life (Train de vie) (1998),Comedy|Drama|Romance|War
3004,Bachelor, The (1999),Comedy|Romance
3005,Bone Collector, The (1999),Thriller
3006,Insider, The (1999),Drama|Thriller
3007,American Movie (1999),Documentary
3008,Last Night (1998),Drama|Sci-Fi
3010,Rosetta (1999),Drama
3011,They Shoot Horses, Don't They? (1969),Drama
3013,Bride of Re-Animator (1990),Comedy|Horror
3014,Bustin' Loose (1981),Comedy
3015,Coma (1978),Thriller
3016,Creepshow (1982),Horror
3017,Creepshow 2 (1987),Horror
3018,Re-Animator (1985),Comedy|Horror|Sci-Fi
3019,Drugstore Cowboy (1989),Crime|Drama
3020,Falling Down (1993),Action|Drama
3021,Funhouse, The (1981),Horror
3022,General, The (1926),Comedy|War
3024,Piranha (1978),Horror|Sci-Fi
3028,Taming of the Shrew, The (1967),Comedy
3029,Nighthawks (1981),Action|Drama
3030,Yojimbo (1961),Action|Adventure
3031,Repossessed (1990),Comedy
3032,Omega Man, The (1971),Action|Drama|Sci-Fi|Thriller
3033,Spaceballs (1987),Comedy|Sci-Fi
3034,Robin Hood (1973),Adventure|Animation|Children|Comedy|Musical
3035,Mister Roberts (1955),Comedy|Drama|War
3036,Quest for Fire (Guerre du feu, La) (1981),Adventure|Drama
3037,Little Big Man (1970),Western
3038,Face in the Crowd, A (1957),Drama
3039,Trading Places (1983),Comedy
3040,Meatballs (1979),Comedy
3041,Meatballs Part II (1984),Comedy
3042,Meatballs III (1987),Comedy
3043,Meatballs 4 (1992),Comedy
3044,Dead Again (1991),Mystery|Romance|Thriller
3045,Peter's Friends (1992),Comedy|Drama
3046,Incredibly True Adventure of Two Girls in Love, The (1995),Comedy|Romance
3048,Under the Rainbow (1981),Comedy
3051,Anywhere But Here (1999),Comedy|Drama
3052,Dogma (1999),Adventure|Comedy|Fantasy
3053,Messenger: The Story of Joan of Arc, The (1999),Drama|War
3054,Pokémon: The First Movie (1998),Adventure|Animation|Children|Fantasy|Sci-Fi
3055,Felicia's Journey (1999),Thriller
3056,Oxygen (1999),Crime|Drama|Thriller
3057,Where's Marlowe? (1998),Comedy
3060,Commitments, The (1991),Comedy|Drama|Musical
3061,Holiday Inn (1942),Comedy|Musical
3062,Longest Day, The (1962),Action|Drama|War
3063,Poison Ivy (1992),Drama|Thriller
3064,Poison Ivy: New Seduction (1997),Drama|Thriller
3066,Tora! Tora! Tora! (1970),Action|Drama|War
3067,Women on the Verge of a Nervous Breakdown (Mujeres al borde de un ataque de nervios) (1988),Comedy|Drama
3068,Verdict, The (1982),Drama|Mystery
3070,Adventures of Buckaroo Banzai Across the 8th Dimension, The (1984),Adventure|Comedy|Sci-Fi
3071,Stand and Deliver (1988),Comedy|Drama
3072,Moonstruck (1987),Comedy|Romance
3073,Sandpiper, The (1965),Drama|Romance
3074,Jeremiah Johnson (1972),Western
3075,Repulsion (1965),Drama|Horror
3076,Irma la Douce (1963),Comedy
3077,42 Up (1998),Documentary
3078,Liberty Heights (1999),Drama
3079,Mansfield Park (1999),Comedy|Drama|Romance
3081,Sleepy Hollow (1999),Fantasy|Horror|Mystery|Romance
3082,World Is Not Enough, The (1999),Action|Adventure|Thriller
3083,All About My Mother (Todo sobre mi madre) (1999),Drama
3086,Babes in Toyland (1934),Children|Comedy|Fantasy|Musical
3087,Scrooged (1988),Comedy|Fantasy|Romance
3088,Harvey (1950),Comedy|Fantasy
3089,Bicycle Thieves (a.k.a. The Bicycle Thief) (a.k.a. The Bicycle Thieves) (Ladri di biciclette) (1948),Drama
3090,Matewan (1987),Drama
3091,Kagemusha (1980),Drama|War
3093,McCabe & Mrs. Miller (1971),Drama|Western
3094,Maurice (1987),Drama|Romance
3095,Grapes of Wrath, The (1940),Drama
3096,My Man Godfrey (1957),Comedy
3097,Shop Around the Corner, The (1940),Comedy|Drama|Romance
3098,Natural, The (1984),Drama
3099,Shampoo (1975),Comedy|Drama|Romance
3100,River Runs Through It, A (1992),Drama
3101,Fatal Attraction (1987),Drama|Thriller
3102,Jagged Edge (1985),Crime|Romance|Thriller
3103,Stanley & Iris (1990),Drama|Romance
3104,Midnight Run (1988),Action|Comedy|Crime|Thriller
3105,Awakenings (1990),Drama|Mystery
3106,Come See the Paradise (1990),Drama|Romance
3107,Backdraft (1991),Action|Drama
3108,Fisher King, The (1991),Comedy|Drama|Fantasy|Romance
3109,River, The (1984),Drama
3111,Places in the Heart (1984),Drama
3112,'night Mother (1986),Drama
3113,End of Days (1999),Action|Fantasy|Horror|Mystery|Thriller
3114,Toy Story 2 (1999),Adventure|Animation|Children|Comedy|Fantasy
3115,Flawless (1999),Drama
3117,Ride with the Devil (1999),Drama|Romance|War
3120,Distinguished Gentleman, The (1992),Comedy
3125,End of the Affair, The (1999),Drama
3127,Holy Smoke (1999),Comedy|Drama
3129,Sweet and Lowdown (1999),Comedy|Drama
3130,Bonfire of the Vanities (1990),Comedy|Crime|Drama
3132,Daddy Long Legs (1919),Comedy|Drama
3134,Grand Illusion (La grande illusion) (1937),Drama|War
3135,Great Santini, The (1979),Drama
3138,Stealing Home (1988),Drama
3141,Two Jakes, The (1990),Drama
3142,U2: Rattle and Hum (1988),Documentary|Musical
3143,Hell in the Pacific (1968),Drama|War
3145,Cradle Will Rock (1999),Drama
3146,Deuce Bigalow: Male Gigolo (1999),Comedy
3147,Green Mile, The (1999),Crime|Drama
3148,Cider House Rules, The (1999),Drama
3150,War Zone, The (1999),Drama|Thriller
3152,Last Picture Show, The (1971),Drama
3153,7th Voyage of Sinbad, The (1958),Action|Adventure|Fantasy
3155,Anna and the King (1999),Drama|Romance
3156,Bicentennial Man (1999),Drama|Romance|Sci-Fi
3157,Stuart Little (1999),Children|Comedy|Fantasy
3158,Emperor and the Assassin, The (Jing ke ci qin wang) (1999),Drama
3159,Fantasia 2000 (1999),Animation|Children|Musical|IMAX
3160,Magnolia (1999),Drama
3161,Onegin (1999),Drama|Romance
3162,Simpatico (1999),Comedy|Drama
3163,Topsy-Turvy (1999),Comedy|Drama|Musical
3165,Boiling Point (1993),Action|Drama
3167,Carnal Knowledge (1971),Comedy|Drama
3168,Easy Rider (1969),Adventure|Drama
3169,The Falcon and the Snowman (1985),Crime|Drama|Thriller
3171,Room at the Top (1959),Drama
3173,Any Given Sunday (1999),Drama
3174,Man on the Moon (1999),Comedy|Drama
3175,Galaxy Quest (1999),Adventure|Comedy|Sci-Fi
3176,Talented Mr. Ripley, The (1999),Drama|Mystery|Thriller
3177,Next Friday (2000),Comedy
3178,Hurricane, The (1999),Drama
3179,Angela's Ashes (1999),Drama
3181,Titus (1999),Drama
3182,Mr. Death: The Rise and Fall of Fred A. Leuchter, Jr. (1999),Documentary
3183,Third Miracle, The (1999),Drama
3185,Snow Falling on Cedars (1999),Drama
3186,Girl, Interrupted (1999),Drama
3189,My Dog Skip (1999),Children|Drama
3190,Supernova (2000),Adventure|Sci-Fi|Thriller
3192,Terrorist, The (a.k.a. Malli) (Theeviravaathi) (1998),Drama
3194,Way We Were, The (1973),Drama|Romance
3196,Stalag 17 (1953),Drama|War
3197,Presidio, The (1988),Action|Crime|Romance|Thriller
3198,Papillon (1973),Crime|Drama
3200,Last Detail, The (1973),Comedy|Drama
3201,Five Easy Pieces (1970),Drama
3203,Dead Calm (1989),Thriller
3204,Boys from Brazil, The (1978),Action|Mystery|Thriller
3206,Against All Odds (1984),Romance
3208,Loaded Weapon 1 (National Lampoon's Loaded Weapon 1) (1993),Action|Comedy
3210,Fast Times at Ridgemont High (1982),Comedy|Drama|Romance
3211,Cry in the Dark, A (1988),Drama
3213,Batman: Mask of the Phantasm (1993),Animation|Children
3214,American Flyers (1985),Drama
3217,Star Is Born, A (1937),Drama
3219,Pacific Heights (1990),Mystery|Thriller
3221,Draughtsman's Contract, The (1982),Drama
3223,Zed & Two Noughts, A (1985),Drama
3224,Woman in the Dunes (Suna no onna) (1964),Drama
3225,Down to You (2000),Comedy|Romance
3230,Odessa File, The (1974),Thriller
3235,Where the Buffalo Roam (1980),Comedy
3238,Eye of the Beholder (1999),Thriller
3240,Big Tease, The (1999),Comedy
3241,Cup, The (Phörpa) (1999),Comedy
3243,Encino Man (1992),Comedy
3244,Goodbye Girl, The (1977),Comedy|Romance
3246,Malcolm X (1992),Drama
3247,Sister Act (1992),Comedy|Crime
3248,Sister Act 2: Back in the Habit (1993),Comedy
3249,Hand That Rocks the Cradle, The (1992),Drama|Thriller
3250,Alive (1993),Drama
3251,Agnes of God (1985),Drama|Mystery
3252,Scent of a Woman (1992),Drama
3253,Wayne's World (1992),Comedy
3254,Wayne's World 2 (1993),Comedy
3255,League of Their Own, A (1992),Comedy|Drama
3256,Patriot Games (1992),Action|Crime|Drama|Thriller
3257,Bodyguard, The (1992),Drama|Romance|Thriller
3258,Death Becomes Her (1992),Comedy|Fantasy
3259,Far and Away (1992),Adventure|Drama|Romance
3260,Howards End (1992),Drama
3261,Singles (1992),Comedy|Drama|Romance
3262,Twin Peaks: Fire Walk with Me (1992),Crime|Drama|Mystery|Thriller
3263,White Men Can't Jump (1992),Comedy|Drama
3264,Buffy the Vampire Slayer (1992),Action|Comedy|Horror
3265,Hard-Boiled (Lat sau san taam) (1992),Action|Crime|Drama|Thriller
3266,Man Bites Dog (C'est arrivé près de chez vous) (1992),Comedy|Crime|Drama|Thriller
3267,Mariachi, El (1992),Action|Crime|Thriller|Western
3268,Stop! Or My Mom Will Shoot (1992),Action|Comedy
3269,Forever Young (1992),Drama|Romance|Sci-Fi
3270,Cutting Edge, The (1992),Comedy|Drama|Romance
3271,Of Mice and Men (1992),Drama
3272,Bad Lieutenant (1992),Crime|Drama
3273,Scream 3 (2000),Comedy|Horror|Mystery|Thriller
3274,Single White Female (1992),Drama|Thriller
3275,Boondock Saints, The (2000),Action|Crime|Drama|Thriller
3276,Gun Shy (2000),Comedy
3280,Baby, The (1973),Horror
3281,Brandon Teena Story, The (1998),Documentary
3283,Minnie and Moskowitz (1971),Action
3284,They Might Be Giants (1971),Comedy|Mystery|Romance
3285,Beach, The (2000),Adventure|Drama
3286,Snow Day (2000),Comedy
3287,Tigger Movie, The (2000),Animation|Children
3289,Not One Less (Yi ge dou bu neng shao) (1999),Drama
3294,Eaten Alive (1977),Horror
3295,Raining Stones (1993),Drama
3296,To Sir with Love (1967),Drama
3298,Boiler Room (2000),Crime|Drama|Thriller
3299,Hanging Up (2000),Comedy|Drama
3300,Pitch Black (2000),Horror|Sci-Fi|Thriller
3301,Whole Nine Yards, The (2000),Comedy|Crime
3302,Beautiful People (1999),Comedy
3303,Black Tar Heroin: The Dark End of the Street (2000),Documentary
3306,Circus, The (1928),Comedy
3307,City Lights (1931),Comedy|Drama|Romance
3308,Flamingo Kid, The (1984),Comedy|Drama
3310,Kid, The (1921),Comedy|Drama
3313,Class Reunion (1982),Comedy
3315,Happy Go Lovely (1951),Musical
3316,Reindeer Games (2000),Action|Thriller
3317,Wonder Boys (2000),Comedy|Drama
3323,Chain of Fools (2000),Comedy|Crime
3324,Drowning Mona (2000),Comedy
3325,Next Best Thing, The (2000),Comedy|Drama
3326,What Planet Are You From? (2000),Comedy|Sci-Fi
3327,Beyond the Mat (1999),Documentary
3328,Ghost Dog: The Way of the Samurai (1999),Crime|Drama
3329,The Year My Voice Broke (1987),Drama|Romance
3330,Splendor in the Grass (1961),Drama|Romance
3331,My Tutor (1983),Drama
3334,Key Largo (1948),Crime|Drama|Film-Noir|Thriller
3338,For All Mankind (1989),Documentary
3341,Born Yesterday (1950),Comedy
3342,Birdy (1984),Drama|War
3344,Blood Feast (1963),Horror
3345,Charlie, the Lonesome Cougar (1967),Adventure|Children
3347,Never Cry Wolf (1983),Adventure|Drama
3350,Raisin in the Sun, A (1961),Drama
3353,Closer You Get, The (2000),Comedy|Romance
3354,Mission to Mars (2000),Sci-Fi
3355,Ninth Gate, The (1999),Fantasy|Horror|Mystery|Thriller
3357,East-West (Est-ouest) (1999),Drama|Romance
3358,Defending Your Life (1991),Comedy|Drama|Fantasy|Romance
3359,Breaking Away (1979),Comedy|Drama
3360,Hoosiers (a.k.a. Best Shot) (1986),Drama|Romance
3361,Bull Durham (1988),Comedy|Drama|Romance
3362,Dog Day Afternoon (1975),Crime|Drama
3363,American Graffiti (1973),Comedy|Drama
3364,Asphalt Jungle, The (1950),Crime|Film-Noir
3365,Searchers, The (1956),Drama|Western
3368,Big Country, The (1958),Romance|Western
3370,Betrayed (1988),Drama|Thriller
3372,Bridge at Remagen, The (1969),Action|War
3374,Daughters of the Dust (1991),Drama
3378,Ogre, The (Unhold, Der) (1996),Drama
3379,On the Beach (1959),Drama
3384,Taking of Pelham One Two Three, The (1974),Action|Crime
3385,Volunteers (1985),Comedy
3386,JFK (1991),Drama|Mystery|Thriller
3387,Who's Harry Crumb? (1989),Comedy|Mystery
3388,Harry and the Hendersons (1987),Children|Comedy
3389,Let's Get Harry (1986),Action|Adventure
3390,Shanghai Surprise (1986),Adventure|Crime|Drama|Romance
3391,Who's That Girl? (1987),Comedy
3392,She-Devil (1989),Comedy
3393,Date with an Angel (1987),Comedy|Fantasy|Romance
3394,Blind Date (1987),Comedy|Romance
3395,Nadine (1987),Comedy
3396,Muppet Movie, The (1979),Adventure|Children|Comedy|Musical
3397,Great Muppet Caper, The (1981),Children|Comedy
3398,Muppets Take Manhattan, The (1984),Children|Comedy|Musical
3400,We're Back! A Dinosaur's Story (1993),Adventure|Animation|Children|Fantasy
3401,Baby... Secret of the Lost Legend (1985),Adventure|Sci-Fi
3402,Turtle Diary (1985),Comedy|Drama|Romance
3403,Raise the Titanic (1980),Drama|Thriller
3404,Titanic (1953),Action|Drama
3405,Night to Remember, A (1958),Action|Drama
3406,Captain Horatio Hornblower R.N. (1951),Action|Adventure|Drama|War
3408,Erin Brockovich (2000),Drama
3409,Final Destination (2000),Drama|Thriller
3410,Soft Fruit (1999),Comedy|Drama
3412,Bear, The (Ours, L') (1988),Adventure|Children|Drama
3414,Love Is a Many-Splendored Thing (1955),Drama|Romance|War
3415,Mirror, The (Zerkalo) (1975),Drama
3417,Crimson Pirate, The (1952),Adventure|Comedy
3418,Thelma & Louise (1991),Adventure|Crime|Drama
3420,...And Justice for All (1979),Drama|Thriller
3421,Animal House (1978),Comedy
3422,She's Gotta Have It (1986),Comedy|Romance
3423,School Daze (1988),Drama
3424,Do the Right Thing (1989),Drama
3425,Mo' Better Blues (1990),Drama|Musical
3426,Jungle Fever (1991),Drama|Romance
3428,Champ, The (1979),Drama
3429,Creature Comforts (1989),Animation|Comedy
3430,Death Wish (1974),Action|Crime|Drama
3431,Death Wish 2 (1982),Action|Drama
3432,Death Wish 3 (1985),Action|Drama
3433,Death Wish 4: The Crackdown (1987),Action|Drama
3434,Death Wish 5: The Face of Death (1994),Action|Drama
3435,Double Indemnity (1944),Crime|Drama|Film-Noir
3436,Dying Young (1991),Drama|Romance
3438,Teenage Mutant Ninja Turtles (1990),Action|Children|Comedy|Fantasy|Sci-Fi
3439,Teenage Mutant Ninja Turtles II: The Secret of the Ooze (1991),Action|Children|Fantasy
3440,Teenage Mutant Ninja Turtles III (1993),Action|Adventure|Children|Comedy|Fantasy
3441,Red Dawn (1984),Action|Drama|War
3442,Band of the Hand (1986),Action|Crime|Drama
3444,Bloodsport (1988),Action
3445,Eyes of Laura Mars (1978),Mystery|Thriller
3446,Funny Bones (1995),Comedy|Drama
3447,Good Earth, The (1937),Drama
3448,Good Morning, Vietnam (1987),Comedy|Drama|War
3449,Good Mother, The (1988),Drama
3450,Grumpy Old Men (1993),Comedy
3451,Guess Who's Coming to Dinner (1967),Drama
3452,Romeo Must Die (2000),Action|Crime|Romance|Thriller
3453,Here on Earth (2000),Drama|Romance
3454,Whatever It Takes (2000),Comedy|Romance
3455,Buddy Boy (1999),Drama|Thriller
3456,Color of Paradise, The (Rang-e khoda) (1999),Drama
3459,Gothic (1986),Drama|Horror
3461,Lord of the Flies (1963),Adventure|Drama|Thriller
3462,Modern Times (1936),Comedy|Drama|Romance
3466,Heart and Souls (1993),Comedy|Fantasy
3467,Hud (1963),Drama|Western
3468,Hustler, The (1961),Drama
3469,Inherit the Wind (1960),Drama
3470,Dersu Uzala (1975),Adventure|Drama
3471,Close Encounters of the Third Kind (1977),Adventure|Drama|Sci-Fi
3473,Jonah Who Will Be 25 in the Year 2000 (Jonas qui aura 25 ans en l'an 2000) (1976),Comedy
3474,Retroactive (1997),Sci-Fi|Thriller
3475,Place in the Sun, A (1951),Drama|Romance
3476,Jacob's Ladder (1990),Horror|Mystery
3477,Empire Records (1995),Comedy|Drama
3478,Bamba, La (1987),Drama
3479,Ladyhawke (1985),Adventure|Fantasy|Romance
3480,Lucas (1986),Drama|Romance
3481,High Fidelity (2000),Comedy|Drama|Romance
3483,Road to El Dorado, The (2000),Animation|Children
3484,Skulls, The (2000),Thriller
3489,Hook (1991),Adventure|Comedy|Fantasy
3492,Son of the Sheik, The (1926),Adventure|Comedy|Romance
3494,True Grit (1969),Adventure|Drama|Western
3496,Madame Sousatzka (1988),Drama
3497,Max Dugan Returns (1983),Comedy
3498,Midnight Express (1978),Drama
3499,Misery (1990),Drama|Horror|Thriller
3500,Mr. Saturday Night (1992),Comedy|Drama
3501,Murphy's Romance (1985),Comedy|Romance
3502,My Life (1993),Drama
3503,Solaris (Solyaris) (1972),Drama|Mystery|Sci-Fi
3504,Network (1976),Comedy|Drama
3505,No Way Out (1987),Drama|Mystery|Thriller
3506,North Dallas Forty (1979),Comedy|Drama
3507,Odd Couple, The (1968),Comedy
3508,Outlaw Josey Wales, The (1976),Action|Adventure|Drama|Thriller|Western
3510,Frequency (2000),Drama|Thriller
3511,Ready to Rumble (2000),Comedy
3512,Return to Me (2000),Drama|Romance
3513,Rules of Engagement (2000),Drama|Thriller
3514,Joe Gould's Secret (2000),Drama
3515,Me Myself I (2000),Comedy|Romance
3516,Bell, Book and Candle (1958),Comedy|Fantasy|Romance
3519,Force 10 from Navarone (1978),Action|Drama|War
3521,Mystery Train (1989),Comedy|Drama
3524,Arthur (1981),Comedy|Romance
3525,Bachelor Party (1984),Comedy
3526,Parenthood (1989),Comedy|Drama
3527,Predator (1987),Action|Sci-Fi|Thriller
3528,Prince of Tides, The (1991),Drama|Romance
3529,Postman Always Rings Twice, The (1981),Crime|Thriller
3531,All the Vermeers in New York (1990),Comedy|Drama|Romance
3534,28 Days (2000),Drama
3535,American Psycho (2000),Crime|Horror|Mystery|Thriller
3536,Keeping the Faith (2000),Comedy|Drama|Romance
3537,Where the Money Is (2000),Comedy|Drama
3538,East is East (1999),Comedy
3539,Filth and the Fury, The (2000),Documentary
3543,Diner (1982),Comedy|Drama
3544,Shakes the Clown (1992),Comedy
3545,Cabaret (1972),Drama|Musical
3546,What Ever Happened to Baby Jane? (1962),Drama|Horror|Thriller
3548,Auntie Mame (1958),Comedy|Drama
3549,Guys and Dolls (1955),Comedy|Musical|Romance
3550,The Hunger (1983),Horror
3551,Marathon Man (1976),Crime|Drama|Thriller
3552,Caddyshack (1980),Comedy
3553,Gossip (2000),Drama|Thriller
3554,Love and Basketball (2000),Drama|Romance
3555,U-571 (2000),Action|Thriller|War
3556,Virgin Suicides, The (1999),Drama|Romance
3557,Jennifer 8 (1992),Mystery|Thriller
3559,Limelight (1952),Comedy|Drama|Romance
3563,Crow: Salvation, The (2000),Action|Horror
3564,Flintstones in Viva Rock Vegas, The (2000),Children|Comedy
3565,Where the Heart Is (2000),Comedy|Drama
3566,Big Kahuna, The (2000),Comedy|Drama
3567,Bossa Nova (2000),Comedy|Drama|Romance
3568,Smiling Fish and Goat on Fire (1999),Comedy|Romance
3569,Idiots, The (Idioterne) (1998),Comedy|Drama
3571,Time Code (2000),Comedy|Drama
3572,Carnosaur (1993),Horror|Sci-Fi
3573,Carnosaur 2 (1995),Horror|Sci-Fi
3574,Carnosaur 3: Primal Species (1996),Horror|Sci-Fi
3576,Hidden, The (1987),Action|Horror|Sci-Fi
3577,Two Moon Junction (1988),Drama|Romance
3578,Gladiator (2000),Action|Adventure|Drama
3580,Up at the Villa (2000),Drama
3581,Human Traffic (1999),Comedy
3584,Breathless (1983),Action|Drama|Romance|Thriller
3586,The Idolmaker (1980),Drama|Romance
3587,Inferno (1980),Horror
3590,Lords of Flatbush, The (1974),Comedy|Drama
3591,Mr. Mom (1983),Comedy|Drama
3592,Time Masters (Maîtres du temps, Les) (1982),Animation|Sci-Fi
3593,Battlefield Earth (2000),Action|Sci-Fi
3594,Center Stage (2000),Drama|Musical
3596,Screwed (2000),Comedy
3597,Whipped (2000),Comedy
3598,Hamlet (2000),Crime|Drama|Romance|Thriller
3599,Anchors Aweigh (1945),Comedy|Musical
3604,Gypsy (1962),Musical
3606,On the Town (1949),Comedy|Musical|Romance
3608,Pee-wee's Big Adventure (1985),Adventure|Comedy
3609,Regret to Inform (1998),Documentary
3614,Honeymoon in Vegas (1992),Comedy|Romance
3615,Dinosaur (2000),Adventure|Animation|Children
3616,Loser (2000),Comedy|Romance
3617,Road Trip (2000),Comedy
3618,Small Time Crooks (2000),Comedy|Crime
3619,Hollywood Knights, The (1980),Comedy
3622,Twelve Chairs, The (1970),Comedy
3623,Mission: Impossible II (2000),Action|Adventure|Thriller
3624,Shanghai Noon (2000),Action|Adventure|Comedy|Western
3625,Better Living Through Circuitry (1999),Documentary
3626,8 ½ Women (a.k.a. 8 1/2 Women) (a.k.a. Eight and a Half Women) (1999),Comedy
3627,Carnival of Souls (1962),Horror|Thriller
3628,Flying Tigers (1942),Action|Drama|Romance|War
3629,Gold Rush, The (1925),Adventure|Comedy|Romance
3632,Monsieur Verdoux (1947),Comedy|Crime
3633,On Her Majesty's Secret Service (1969),Action|Adventure|Romance|Thriller
3634,Seven Days in May (1964),Thriller
3635,Spy Who Loved Me, The (1977),Action|Adventure|Thriller
3637,Vagabond (Sans toit ni loi) (1985),Drama
3638,Moonraker (1979),Action|Adventure|Sci-Fi|Thriller
3639,Man with the Golden Gun, The (1974),Action|Adventure|Thriller
3640,King in New York, A (1957),Comedy|Drama
3641,Woman of Paris, A (1923),Drama
3643,Fighting Seabees, The (1944),Action|Drama|War
3646,Big Momma's House (2000),Comedy
3648,Abominable Snowman, The (Abominable Snowman of the Himalayas, The) (1957),Horror|Sci-Fi
3649,American Gigolo (1980),Drama
3652,City of the Living Dead (a.k.a. Gates of Hell, The) (Paura nella città dei morti viventi) (1980),Horror
3653,Endless Summer, The (1966),Documentary
3654,Guns of Navarone, The (1961),Action|Adventure|Drama|War
3655,Blow-Out (La grande bouffe) (1973),Drama
3658,Quatermass and the Pit (1967),Horror|Sci-Fi
3660,Puppet Master (1989),Horror|Sci-Fi|Thriller
3661,Puppet Master II (1991),Horror|Sci-Fi|Thriller
3662,Puppet Master III: Toulon's Revenge (1991),Horror|Sci-Fi|Thriller
3663,Puppet Master 4 (1993),Horror|Sci-Fi|Thriller
3664,Puppet Master 5: The Final Chapter (1994),Horror|Sci-Fi|Thriller
3667,Rent-A-Cop (1988),Action|Comedy|Crime
3668,Romeo and Juliet (1968),Drama|Romance
3669,Stay Tuned (1992),Comedy
3671,Blazing Saddles (1974),Comedy|Western
3672,Benji (1974),Adventure|Children
3673,Benji the Hunted (1987),Adventure|Children
3674,For the Love of Benji (1977),Adventure|Children|Comedy|Drama
3675,White Christmas (1954),Comedy|Musical|Romance
3676,Eraserhead (1977),Drama|Horror
3677,Baraka (1992),Documentary
3678,Man with the Golden Arm, The (1955),Drama
3679,Decline of Western Civilization, The (1981),Documentary|Musical
3680,Decline of Western Civilization Part II: The Metal Years, The (1988),Documentary
3681,For a Few Dollars More (Per qualche dollaro in più) (1965),Action|Drama|Thriller|Western
3682,Magnum Force (1973),Action|Crime|Drama|Thriller
3683,Blood Simple (1984),Crime|Drama|Film-Noir
3684,Fabulous Baker Boys, The (1989),Drama|Romance
3685,Prizzi's Honor (1985),Comedy|Drama|Romance
3686,Flatliners (1990),Horror|Sci-Fi|Thriller
3687,Light Years (Gandahar) (1988),Adventure|Animation|Fantasy|Sci-Fi
3688,Porky's (1982),Comedy
3689,Porky's II: The Next Day (1983),Comedy
3690,Porky's Revenge (1985),Comedy
3691,Private School (1983),Comedy
3692,Class of Nuke 'Em High (1986),Comedy|Horror
3693,Toxic Avenger, The (1985),Comedy|Horror
3694,Toxic Avenger, Part II, The (1989),Comedy|Horror
3695,Toxic Avenger Part III: The Last Temptation of Toxie, The (1989),Comedy|Horror
3696,Night of the Creeps (1986),Comedy|Horror|Sci-Fi|Thriller
3697,Predator 2 (1990),Action|Sci-Fi|Thriller
3698,Running Man, The (1987),Action|Sci-Fi
3699,Starman (1984),Adventure|Drama|Romance|Sci-Fi
3700,Brother from Another Planet, The (1984),Drama|Sci-Fi
3701,Alien Nation (1988),Crime|Drama|Sci-Fi|Thriller
3702,Mad Max (1979),Action|Adventure|Sci-Fi
3703,Road Warrior, The (Mad Max 2) (1981),Action|Adventure|Sci-Fi|Thriller
3704,Mad Max Beyond Thunderdome (1985),Action|Adventure|Sci-Fi
3705,Bird on a Wire (1990),Action|Comedy|Romance
3706,Angel Heart (1987),Film-Noir|Horror|Mystery|Thriller
3707,9 1/2 Weeks (Nine 1/2 Weeks) (1986),Drama|Romance
3708,Firestarter (1984),Horror|Thriller
3709,Sleepwalkers (1992),Horror
3710,Action Jackson (1988),Action|Comedy|Crime|Thriller
3711,Sarafina! (1992),Drama
3712,Soapdish (1991),Comedy
3713,Long Walk Home, The (1990),Drama
3714,Clara's Heart (1988),Drama
3715,Burglar (1987),Comedy|Crime
3716,Fatal Beauty (1987),Action|Comedy|Crime|Drama
3717,Gone in 60 Seconds (2000),Action|Crime
3719,Love's Labour's Lost (2000),Comedy|Romance
3720,Sunshine (1999),Drama
3723,Hamlet (1990),Drama
3724,Coming Home (1978),Drama|War
3725,American Pop (1981),Animation|Musical
3726,Assault on Precinct 13 (1976),Action|Thriller
3727,Near Dark (1987),Horror|Western
3728,One False Move (1992),Crime|Drama|Film-Noir|Thriller
3729,Shaft (1971),Action|Crime|Drama|Thriller
3730,Conversation, The (1974),Drama|Mystery
3731,Cutter's Way (1981),Drama|Thriller
3732,Fury, The (1978),Horror
3733,Paper Chase, The (1973),Drama
3735,Serpico (1973),Crime|Drama
3736,Ace in the Hole (Big Carnival, The) (1951),Drama
3737,Lonely Are the Brave (1962),Drama|Western
3738,Sugarland Express, The (1974),Drama
3739,Trouble in Paradise (1932),Comedy|Romance
3740,Big Trouble in Little China (1986),Action|Adventure|Comedy|Fantasy
3741,Badlands (1973),Crime|Drama|Thriller
3742,Battleship Potemkin (1925),Drama|War
3743,Boys and Girls (2000),Comedy|Romance
3744,Shaft (2000),Action|Crime|Thriller
3745,Titan A.E. (2000),Action|Adventure|Animation|Children|Sci-Fi
3746,Butterfly (La lengua de las mariposas) (1999),Drama
3747,Jesus' Son (1999),Drama
3751,Chicken Run (2000),Animation|Children|Comedy
3752,Me, Myself & Irene (2000),Adventure|Comedy
3753,Patriot, The (2000),Action|Drama|War
3754,Adventures of Rocky and Bullwinkle, The (2000),Adventure|Animation|Children|Comedy|Fantasy
3755,Perfect Storm, The (2000),Drama|Thriller
3756,Golden Bowl, The (2000),Drama
3758,Communion (1989),Drama|Sci-Fi|Thriller
3760,Kentucky Fried Movie, The (1977),Comedy
3761,Blood In, Blood Out (1993),Action|Crime|Drama|Thriller
3763,F/X (1986),Action|Crime|Thriller
3764,F/X2 (a.k.a. F/X 2 - The Deadly Art of Illusion) (1991),Action|Crime|Thriller
3765,Hot Spot, The (1990),Crime|Drama|Romance
3766,Missing in Action (1984),Action|War
3767,Missing in Action 2: The Beginning (1985),Action|War
3768,Braddock: Missing in Action III (1988),Action|War
3769,Thunderbolt and Lightfoot (1974),Action
3770,Dreamscape (1984),Horror|Sci-Fi|Thriller
3771,The Golden Voyage of Sinbad (1973),Action|Adventure|Fantasy
3773,House Party (1990),Comedy
3774,House Party 2 (1991),Comedy|Drama|Romance
3783,Croupier (1998),Crime|Drama
3784,Kid, The (2000),Comedy|Fantasy
3785,Scary Movie (2000),Comedy|Horror
3786,But I'm a Cheerleader (1999),Comedy
3787,Shower (Xizao) (1999),Comedy
3788,Blow-Up (Blowup) (1966),Drama|Mystery
3789,Pawnbroker, The (1964),Drama
3790,Groove (2000),Drama
3791,Footloose (1984),Drama
3792,Duel in the Sun (1946),Drama|Romance|Western
3793,X-Men (2000),Action|Adventure|Sci-Fi
3794,Chuck & Buck (2000),Comedy|Drama
3795,Five Senses, The (1999),Drama
3797,In Crowd, The (2000),Thriller
3798,What Lies Beneath (2000),Drama|Horror|Mystery
3799,Pokémon the Movie 2000 (2000),Animation|Children
3801,Anatomy of a Murder (1959),Drama|Mystery
3802,Freejack (1992),Action|Sci-Fi
3806,Mackenna's Gold (1969),Western
3807,Sinbad and the Eye of the Tiger (1977),Adventure|Fantasy
3808,Two Women (Ciociara, La) (1960),Drama|War
3809,What About Bob? (1991),Comedy
3810,White Sands (1992),Drama|Thriller
3811,Breaker Morant (1980),Drama|War
3812,Everything You Always Wanted to Know About Sex * But Were Afraid to Ask (1972),Comedy
3813,Interiors (1978),Drama
3814,Love and Death (1975),Comedy
3816,Official Story, The (La historia oficial) (1985),Drama
3819,Tampopo (1985),Comedy
3821,Nutty Professor II: The Klumps (2000),Comedy
3822,Girl on the Bridge, The (Fille sur le pont, La) (1999),Drama|Romance
3823,Wonderland (1999),Drama
3824,Autumn in New York (2000),Drama|Romance
3825,Coyote Ugly (2000),Comedy|Drama|Romance
3826,Hollow Man (2000),Horror|Sci-Fi|Thriller
3827,Space Cowboys (2000),Action|Adventure|Comedy|Sci-Fi
3830,Psycho Beach Party (2000),Comedy|Horror|Thriller
3831,Saving Grace (2000),Comedy
3832,Black Sabbath (Tre volti della paura, I) (1963),Horror
3833,Brain That Wouldn't Die, The (1962),Horror|Sci-Fi
3834,Bronco Billy (1980),Adventure|Drama|Romance
3835,Crush, The (1993),Thriller
3836,Kelly's Heroes (1970),Action|Comedy|War
3837,Phantasm II (1988),Action|Fantasy|Horror|Sci-Fi|Thriller
3838,Phantasm III: Lord of the Dead (1994),Horror
3839,Phantasm IV: Oblivion (1998),Horror
3840,Pumpkinhead (1988),Horror
3841,Air America (1990),Action|Comedy
3843,Sleepaway Camp (1983),Horror
3844,Steel Magnolias (1989),Drama
3845,And God Created Woman (Et Dieu... créa la femme) (1956),Drama
3846,Easy Money (1983),Comedy
3847,Ilsa, She Wolf of the SS (1974),Horror
3849,The Spiral Staircase (1945),Horror|Mystery|Thriller
3851,I'm the One That I Want (2000),Comedy
3852,Tao of Steve, The (2000),Comedy
3855,Affair of Love, An (Liaison pornographique, Une) (1999),Drama|Romance
3857,Bless the Child (2000),Thriller
3858,Cecil B. DeMented (2000),Comedy
3859,Eyes of Tammy Faye, The (2000),Documentary
3861,Replacements, The (2000),Comedy
3862,About Adam (2000),Comedy
3863,Cell, The (2000),Drama|Horror|Thriller
3864,Godzilla 2000 (Gojira ni-sen mireniamu) (1999),Action|Adventure|Sci-Fi
3865,Original Kings of Comedy, The (2000),Comedy|Documentary
3868,Naked Gun: From the Files of Police Squad!, The (1988),Action|Comedy|Crime|Romance
3869,Naked Gun 2 1/2: The Smell of Fear, The (1991),Comedy
3870,Our Town (1940),Drama
3871,Shane (1953),Drama|Western
3872,Suddenly, Last Summer (1959),Drama
3873,Cat Ballou (1965),Comedy|Western
3877,Supergirl (1984),Action|Adventure|Fantasy
3879,Art of War, The (2000),Action|Thriller
3882,Bring It On (2000),Comedy
3884,Crew, The (2000),Comedy
3888,Skipped Parts (2000),Drama|Romance
3889,Highlander: Endgame (Highlander IV) (2000),Action|Adventure|Fantasy
3893,Nurse Betty (2000),Comedy|Crime|Drama|Romance|Thriller
3894,Solas (1999),Drama
3895,Watcher, The (2000),Crime|Thriller
3896,Way of the Gun, The (2000),Crime|Thriller
3897,Almost Famous (2000),Drama
3898,Bait (2000),Action|Comedy
3899,Circus (2000),Crime|Drama|Thriller
3900,Crime and Punishment in Suburbia (2000),Comedy|Drama
3901,Duets (2000),Comedy|Drama
3906,Under Suspicion (2000),Crime|Thriller
3908,Urban Legends: Final Cut (2000),Horror
3909,Woman on Top (2000),Comedy|Romance
3910,Dancer in the Dark (2000),Drama|Musical
3911,Best in Show (2000),Comedy
3912,Beautiful (2000),Comedy|Drama
3914,Broken Hearts Club, The (2000),Drama
3915,Girlfight (2000),Drama
3916,Remember the Titans (2000),Drama
3917,Hellraiser (1987),Horror
3918,Hellbound: Hellraiser II (1988),Horror
3919,Hellraiser III: Hell on Earth (1992),Horror
3920,Faraway, So Close (In weiter Ferne, so nah!) (1993),Drama|Fantasy|Mystery|Romance
3922,Bikini Beach (1964),Comedy
3925,Stranger Than Paradise (1984),Comedy|Drama
3926,Voyage to the Bottom of the Sea (1961),Adventure|Sci-Fi
3927,Fantastic Voyage (1966),Adventure|Sci-Fi
3928,Abbott and Costello Meet Frankenstein (1948),Comedy|Horror
3929,Bank Dick, The (1940),Comedy
3930,Creature from the Black Lagoon, The (1954),Adventure|Horror|Sci-Fi
3932,Invisible Man, The (1933),Horror|Sci-Fi
3933,Killer Shrews, The (1959),Horror|Sci-Fi
3937,Runaway (1984),Sci-Fi|Thriller
3938,Slumber Party Massacre, The (1982),Horror
3939,Slumber Party Massacre II (1987),Horror
3940,Slumber Party Massacre III (1990),Horror
3941,Sorority House Massacre (1986),Horror
3942,Sorority House Massacre II (1990),Horror
3943,Bamboozled (2000),Comedy
3945,Digimon: The Movie (2000),Adventure|Animation|Children
3946,Get Carter (2000),Action|Drama|Thriller
3947,Get Carter (1971),Action|Crime|Drama|Thriller
3948,Meet the Parents (2000),Comedy
3949,Requiem for a Dream (2000),Drama
3950,Tigerland (2000),Drama
3951,Two Family House (2000),Drama
3952,Contender, The (2000),Drama|Thriller
3953,Dr. T and the Women (2000),Comedy|Romance
3955,Ladies Man, The (2000),Comedy
3957,Billy Jack (1971),Action|Drama
3958,Billy Jack Goes to Washington (1977),Drama
3959,Time Machine, The (1960),Action|Adventure|Sci-Fi
3962,Ghoulies II (1987),Comedy|Horror
3963,Unsinkable Molly Brown, The (1964),Musical
3964,Adventures of Ichabod and Mr. Toad, The (1949),Animation|Children
3965,Strange Love of Martha Ivers, The (1946),Drama|Film-Noir
3966,Detour (1945),Crime|Film-Noir
3967,Billy Elliot (2000),Drama
3968,Bedazzled (2000),Comedy
3969,Pay It Forward (2000),Drama
3971,Private Eyes, The (1981),Comedy|Mystery
3972,Legend of Drunken Master, The (Jui kuen II) (1994),Action|Comedy
3973,Book of Shadows: Blair Witch 2 (2000),Crime|Horror|Mystery|Thriller
3974,Little Vampire, The (2000),Adventure|Children
3977,Charlie's Angels (2000),Action|Comedy
3978,Legend of Bagger Vance, The (2000),Drama|Romance
3979,Little Nicky (2000),Comedy
3980,Men of Honor (2000),Drama
3981,Red Planet (2000),Action|Sci-Fi|Thriller
3983,You Can Count on Me (2000),Drama|Romance
3984,Diamonds Are Forever (1971),Action|Adventure|Thriller
3985,Eagle Has Landed, The (1976),Drama|War
3986,6th Day, The (2000),Action|Sci-Fi|Thriller
3987,Bounce (2000),Drama|Romance
3988,How the Grinch Stole Christmas (a.k.a. The Grinch) (2000),Children|Comedy|Fantasy
3989,One Day in September (1999),Documentary
3990,Rugrats in Paris: The Movie (2000),Animation|Children|Comedy
3991,102 Dalmatians (2000),Children|Comedy
3992,Malèna (2000),Drama|Romance|War
3993,Quills (2000),Drama|Romance
3994,Unbreakable (2000),Drama|Sci-Fi
3996,Crouching Tiger, Hidden Dragon (Wo hu cang long) (2000),Action|Drama|Romance
3997,Dungeons & Dragons (2000),Action|Adventure|Comedy|Fantasy
3998,Proof of Life (2000),Drama
3999,Vertical Limit (2000),Action|Adventure
4000,Bounty, The (1984),Adventure|Drama
4002,Planes, Trains & Automobiles (1987),Comedy
4003,She's Having a Baby (1988),Comedy
4005,Living Daylights, The (1987),Action|Adventure|Thriller
4006,Transformers: The Movie (1986),Adventure|Animation|Children|Sci-Fi
4007,Wall Street (1987),Drama
4008,Born on the Fourth of July (1989),Drama|War
4009,Talk Radio (1988),Drama
4010,Brewster's Millions (1985),Comedy
4011,Snatch (2000),Comedy|Crime|Thriller
4012,Punchline (1988),Comedy|Drama
4014,Chocolat (2000),Drama|Romance
4015,Dude, Where's My Car? (2000),Comedy|Sci-Fi